filename,width,height,class,xmin,ymin,xmax,ymax
WhatsApp Image 2018-10-24 at 8.29.47 PM (1).jpeg,1280,960,Block,927,247,1213,399
WhatsApp Image 2018-10-24 at 8.29.47 PM (1).jpeg,1280,960,Block,527,242,656,337
WhatsApp Image 2018-10-24 at 8.34.50 PM (1).jpeg,1280,960,Block,327,280,475,442
WhatsApp Image 2018-10-24 at 8.34.50 PM (1).jpeg,1280,960,Block,451,266,684,466
WhatsApp Image 2018-10-24 at 8.34.50 PM (1).jpeg,1280,960,Block,660,223,865,366
WhatsApp Image 2018-10-24 at 8.34.50 PM (1).jpeg,1280,960,Block,770,332,970,542
WhatsApp Image 2018-10-24 at 8.29.41 PM (1).jpeg,1280,960,Block,170,304,441,490
WhatsApp Image 2018-10-24 at 8.29.41 PM (1).jpeg,1280,960,Block,403,380,646,613
WhatsApp Image 2018-10-24 at 8.29.41 PM (1).jpeg,1280,960,Block,780,418,1165,599
WhatsApp Image 2018-10-24 at 8.33.40 PM.jpeg,1280,960,Block,222,151,522,580
WhatsApp Image 2018-10-24 at 8.33.40 PM.jpeg,1280,960,Block,522,237,732,528
WhatsApp Image 2018-10-24 at 8.33.40 PM.jpeg,1280,960,Block,751,99,994,480
WhatsApp Image 2018-10-24 at 8.29.35 PM (1).jpeg,1280,960,Block,13,356,427,794
WhatsApp Image 2018-10-24 at 8.29.35 PM (1).jpeg,1280,960,Block,551,356,880,528
WhatsApp Image 2018-10-24 at 8.29.35 PM (1).jpeg,1280,960,Block,984,399,1280,594
WhatsApp Image 2018-10-24 at 8.29.44 PM.jpeg,1280,960,Block,851,318,999,428
WhatsApp Image 2018-10-24 at 8.29.44 PM.jpeg,1280,960,Block,660,294,784,375
WhatsApp Image 2018-10-24 at 8.29.42 PM (1).jpeg,1280,960,Block,22,375,599,637
WhatsApp Image 2018-10-24 at 8.29.42 PM (1).jpeg,1280,960,Block,1027,342,1218,518
WhatsApp Image 2018-10-24 at 8.27.30 PM.jpeg,1280,960,Block,614,588,713,687
WhatsApp Image 2018-10-24 at 8.27.30 PM.jpeg,1280,960,Block,738,518,804,598
WhatsApp Image 2018-10-24 at 8.27.30 PM.jpeg,1280,960,Block,790,126,955,228
WhatsApp Image 2018-10-24 at 8.31.23 PM (1).jpeg,1280,960,Block,389,299,1232,880
WhatsApp Image 2018-10-24 at 8.33.35 PM.jpeg,1280,960,Block,622,323,975,632
WhatsApp Image 2018-10-24 at 8.29.36 PM (1).jpeg,1280,960,Block,13,418,678,960
WhatsApp Image 2018-10-24 at 8.29.36 PM (1).jpeg,1280,960,Block,413,409,722,556
WhatsApp Image 2018-10-24 at 8.29.36 PM (1).jpeg,1280,960,Block,775,399,1084,618
WhatsApp Image 2018-10-24 at 8.34.54 PM.jpeg,1280,960,Block,303,280,613,423
WhatsApp Image 2018-10-24 at 8.34.54 PM.jpeg,1280,960,Block,541,490,889,723
WhatsApp Image 2018-10-24 at 8.34.54 PM.jpeg,1280,960,Block,613,290,922,451
WhatsApp Image 2018-10-24 at 8.34.54 PM.jpeg,1280,960,Block,994,299,1170,499
WhatsApp Image 2018-10-24 at 8.27.33 PM (1).jpeg,1280,960,Block,194,532,570,842
WhatsApp Image 2018-10-24 at 8.27.33 PM (1).jpeg,1280,960,Block,765,570,1180,875
WhatsApp Image 2018-10-24 at 8.34.49 PM (1).jpeg,1280,960,Block,284,347,522,504
WhatsApp Image 2018-10-24 at 8.34.49 PM (1).jpeg,1280,960,Block,494,304,637,447
WhatsApp Image 2018-10-24 at 8.34.49 PM (1).jpeg,1280,960,Block,699,251,894,428
WhatsApp Image 2018-10-24 at 8.34.49 PM (1).jpeg,1280,960,Block,784,490,946,590
WhatsApp Image 2018-10-24 at 8.31.16 PM.jpeg,1280,960,Block,165,461,556,704
WhatsApp Image 2018-10-24 at 8.31.16 PM.jpeg,1280,960,Block,522,470,813,656
WhatsApp Image 2018-10-24 at 8.31.16 PM.jpeg,1280,960,Block,827,442,1022,570
WhatsApp Image 2018-10-24 at 8.33.44 PM (1).jpeg,1280,960,Block,408,328,584,642
WhatsApp Image 2018-10-24 at 8.33.44 PM (1).jpeg,1280,960,Block,608,380,775,651
WhatsApp Image 2018-10-24 at 8.33.44 PM (1).jpeg,1280,960,Block,822,328,999,680
WhatsApp Image 2018-10-24 at 8.33.46 PM (1).jpeg,1280,960,Block,508,532,656,737
WhatsApp Image 2018-10-24 at 8.33.46 PM (1).jpeg,1280,960,Block,713,499,860,675
WhatsApp Image 2018-10-24 at 8.33.46 PM (1).jpeg,1280,960,Block,684,751,880,899
WhatsApp Image 2018-10-24 at 8.29.46 PM.jpeg,1280,960,Block,170,537,413,642
WhatsApp Image 2018-10-24 at 8.29.46 PM.jpeg,1280,960,Block,508,437,637,590
WhatsApp Image 2018-10-24 at 8.33.36 PM (1).jpeg,1280,960,Block,651,447,760,551
WhatsApp Image 2018-10-24 at 8.27.34 PM (1).jpeg,1280,960,Block,751,518,1037,642
WhatsApp Image 2018-10-24 at 8.33.46 PM.jpeg,1280,960,Block,499,528,656,732
WhatsApp Image 2018-10-24 at 8.33.46 PM.jpeg,1280,960,Block,718,480,875,685
WhatsApp Image 2018-10-24 at 8.33.46 PM.jpeg,1280,960,Block,675,732,870,856
WhatsApp Image 2018-10-24 at 8.27.35 PM.jpeg,1280,960,Block,80,490,532,756
WhatsApp Image 2018-10-24 at 8.27.35 PM.jpeg,1280,960,Block,675,509,1275,904
WhatsApp Image 2018-10-24 at 8.31.17 PM (1).jpeg,1280,960,Block,99,547,503,747
WhatsApp Image 2018-10-24 at 8.31.17 PM (1).jpeg,1280,960,Block,422,547,751,685
WhatsApp Image 2018-10-24 at 8.31.17 PM (1).jpeg,1280,960,Block,775,518,946,613
WhatsApp Image 2018-10-24 at 8.34.51 PM (1).jpeg,1280,960,Block,346,490,603,680
WhatsApp Image 2018-10-24 at 8.34.51 PM (1).jpeg,1280,960,Block,646,551,760,732
WhatsApp Image 2018-10-24 at 8.34.51 PM (1).jpeg,1280,960,Block,722,504,799,618
WhatsApp Image 2018-10-24 at 8.34.51 PM (1).jpeg,1280,960,Block,808,623,1094,880
WhatsApp Image 2018-10-24 at 8.31.17 PM (2).jpeg,1280,960,Block,551,299,689,409
WhatsApp Image 2018-10-24 at 8.31.17 PM (2).jpeg,1280,960,Block,975,490,1108,675
WhatsApp Image 2018-10-24 at 8.31.17 PM (2).jpeg,1280,960,Block,322,490,522,742
WhatsApp Image 2018-10-24 at 8.31.14 PM (1).jpeg,1280,960,Block,108,451,380,609
WhatsApp Image 2018-10-24 at 8.31.14 PM (1).jpeg,1280,960,Block,618,361,818,613
WhatsApp Image 2018-10-24 at 8.31.14 PM (1).jpeg,1280,960,Block,927,547,1075,718
WhatsApp Image 2018-10-24 at 8.29.34 PM.jpeg,1280,960,Block,499,190,741,518
WhatsApp Image 2018-10-24 at 8.29.34 PM.jpeg,1280,960,Block,446,532,946,751
WhatsApp Image 2018-10-24 at 8.34.52 PM.jpeg,1280,960,Block,27,370,337,528
WhatsApp Image 2018-10-24 at 8.34.52 PM.jpeg,1280,960,Block,337,518,694,723
WhatsApp Image 2018-10-24 at 8.34.52 PM.jpeg,1280,960,Block,627,347,746,551
WhatsApp Image 2018-10-24 at 8.34.52 PM.jpeg,1280,960,Block,746,413,851,599
WhatsApp Image 2018-10-24 at 8.27.29 PM.jpeg,1280,960,Block,551,575,1227,923
WhatsApp Image 2018-10-24 at 8.27.29 PM.jpeg,1280,960,Block,532,485,689,575
WhatsApp Image 2018-10-24 at 8.27.29 PM.jpeg,1280,960,Block,665,466,822,542
WhatsApp Image 2018-10-24 at 8.31.22 PM (1).jpeg,1280,960,Block,80,356,951,799
WhatsApp Image 2018-10-24 at 8.31.22 PM (1).jpeg,1280,960,Block,818,337,1222,609
WhatsApp Image 2018-10-24 at 8.29.35 PM.jpeg,1280,960,Block,232,328,565,599
WhatsApp Image 2018-10-24 at 8.29.35 PM.jpeg,1280,960,Block,480,351,689,485
WhatsApp Image 2018-10-24 at 8.29.35 PM.jpeg,1280,960,Block,675,390,1141,599
WhatsApp Image 2018-10-24 at 8.29.36 PM.jpeg,1280,960,Block,218,328,480,466
WhatsApp Image 2018-10-24 at 8.29.36 PM.jpeg,1280,960,Block,365,394,789,566
WhatsApp Image 2018-10-24 at 8.31.22 PM.jpeg,1280,960,Block,499,290,760,513
WhatsApp Image 2018-10-24 at 8.31.22 PM.jpeg,1280,960,Block,813,337,1070,623
WhatsApp Image 2018-10-24 at 8.29.42 PM.jpeg,1280,960,Block,646,394,1089,637
WhatsApp Image 2018-10-24 at 8.29.39 PM (1).jpeg,1280,960,Block,246,556,580,818
WhatsApp Image 2018-10-24 at 8.29.39 PM (1).jpeg,1280,960,Block,532,190,722,309
WhatsApp Image 2018-10-24 at 8.29.39 PM (1).jpeg,1280,960,Block,1170,266,1280,394
WhatsApp Image 2018-10-24 at 8.31.21 PM.jpeg,1280,960,Block,375,351,822,685
WhatsApp Image 2018-10-24 at 8.27.34 PM.jpeg,1280,960,Block,337,594,560,828
WhatsApp Image 2018-10-24 at 8.27.34 PM.jpeg,1280,960,Block,689,661,960,847
WhatsApp Image 2018-10-24 at 8.33.34 PM.jpeg,1280,960,Block,218,628,380,823
WhatsApp Image 2018-10-24 at 8.33.34 PM.jpeg,1280,960,Block,646,461,780,604
WhatsApp Image 2018-10-24 at 8.33.34 PM.jpeg,1280,960,Block,1013,475,1089,556
WhatsApp Image 2018-10-24 at 8.29.38 PM (1).jpeg,1280,960,Block,218,499,527,785
WhatsApp Image 2018-10-24 at 8.29.38 PM (1).jpeg,1280,960,Block,527,113,727,294
WhatsApp Image 2018-10-24 at 8.29.38 PM (1).jpeg,1280,960,Block,1189,266,1280,346
WhatsApp Image 2018-10-24 at 8.31.21 PM (1).jpeg,1280,960,Block,308,385,970,694
WhatsApp Image 2018-10-24 at 8.31.26 PM.jpeg,1280,960,Block,470,547,1065,890
WhatsApp Image 2018-10-24 at 8.31.26 PM.jpeg,1280,960,Block,384,313,1184,613
WhatsApp Image 2018-10-24 at 8.31.26 PM.jpeg,1280,960,Block,408,37,1032,366
WhatsApp Image 2018-10-24 at 8.33.33 PM.jpeg,1280,960,Block,594,590,780,718
WhatsApp Image 2018-10-24 at 8.33.33 PM.jpeg,1280,960,Block,660,632,889,842
WhatsApp Image 2018-10-24 at 8.33.33 PM.jpeg,1280,960,Block,651,518,837,637
WhatsApp Image 2018-10-24 at 8.33.32 PM.jpeg,1280,960,Block,403,323,799,561
WhatsApp Image 2018-10-24 at 8.33.32 PM.jpeg,1280,960,Block,375,190,865,356
WhatsApp Image 2018-10-24 at 8.33.32 PM.jpeg,1280,960,Block,332,4,780,199
WhatsApp Image 2018-10-24 at 8.33.41 PM (1).jpeg,960,1280,Block,443,895,671,1064
WhatsApp Image 2018-10-24 at 8.33.41 PM (1).jpeg,960,1280,Block,364,529,543,667
WhatsApp Image 2018-10-24 at 8.33.41 PM (1).jpeg,960,1280,Block,381,202,578,371
WhatsApp Image 2018-10-24 at 8.31.17 PM.jpeg,1280,960,Block,251,485,451,599
WhatsApp Image 2018-10-24 at 8.31.17 PM.jpeg,1280,960,Block,560,485,722,604
WhatsApp Image 2018-10-24 at 8.31.17 PM.jpeg,1280,960,Block,741,523,937,661
WhatsApp Image 2018-10-24 at 8.33.41 PM.jpeg,1280,960,Block,446,309,613,528
WhatsApp Image 2018-10-24 at 8.33.41 PM.jpeg,1280,960,Block,618,332,775,532
WhatsApp Image 2018-10-24 at 8.33.41 PM.jpeg,1280,960,Block,808,328,951,556
WhatsApp Image 2018-10-24 at 8.33.36 PM.jpeg,1280,960,Block,418,451,532,609
WhatsApp Image 2018-10-24 at 8.33.36 PM.jpeg,1280,960,Block,627,418,741,532
WhatsApp Image 2018-10-24 at 8.33.36 PM.jpeg,1280,960,Block,799,332,870,447
WhatsApp Image 2018-10-24 at 8.31.14 PM.jpeg,1280,960,Block,65,437,360,604
WhatsApp Image 2018-10-24 at 8.31.14 PM.jpeg,1280,960,Block,632,328,822,594
WhatsApp Image 2018-10-24 at 8.31.14 PM.jpeg,1280,960,Block,932,494,1046,694
WhatsApp Image 2018-10-24 at 8.27.28 PM (1).jpeg,1280,960,Block,213,556,1041,875
WhatsApp Image 2018-10-24 at 8.31.26 PM (1).jpeg,1280,960,Block,499,394,908,632
WhatsApp Image 2018-10-24 at 8.31.26 PM (1).jpeg,1280,960,Block,470,304,918,466
WhatsApp Image 2018-10-24 at 8.31.26 PM (1).jpeg,1280,960,Block,441,118,818,323
WhatsApp Image 2018-10-24 at 8.27.28 PM.jpeg,1280,960,Block,384,680,765,913
WhatsApp Image 2018-10-24 at 8.27.28 PM.jpeg,1280,960,Block,637,585,960,761
WhatsApp Image 2018-10-24 at 8.31.18 PM.jpeg,1280,960,Block,203,304,437,628
WhatsApp Image 2018-10-24 at 8.31.18 PM.jpeg,1280,960,Block,499,399,880,632
WhatsApp Image 2018-10-24 at 8.31.18 PM.jpeg,1280,960,Block,960,470,1280,760
WhatsApp Image 2018-10-24 at 8.33.39 PM.jpeg,1280,960,Block,484,370,808,532
WhatsApp Image 2018-10-24 at 8.33.43 PM.jpeg,1280,960,Block,422,328,589,599
WhatsApp Image 2018-10-24 at 8.33.43 PM.jpeg,1280,960,Block,584,366,741,599
WhatsApp Image 2018-10-24 at 8.33.43 PM.jpeg,1280,960,Block,770,323,965,642
WhatsApp Image 2018-10-24 at 8.29.41 PM.jpeg,1280,960,Block,403,375,827,613
WhatsApp Image 2018-10-24 at 8.33.42 PM.jpeg,960,1280,Block,423,874,664,1050
WhatsApp Image 2018-10-24 at 8.33.42 PM.jpeg,960,1280,Block,371,505,523,660
WhatsApp Image 2018-10-24 at 8.33.42 PM.jpeg,960,1280,Block,388,205,595,353
WhatsApp Image 2018-10-24 at 8.34.51 PM.jpeg,1280,960,Block,399,222,875,708
WhatsApp Image 2018-10-24 at 8.34.51 PM.jpeg,1280,960,Block,856,351,1094,623
WhatsApp Image 2018-10-24 at 8.34.51 PM.jpeg,1280,960,Block,941,251,1251,547
WhatsApp Image 2018-10-24 at 8.29.38 PM.jpeg,1280,960,Block,351,413,851,747
WhatsApp Image 2018-10-24 at 8.33.45 PM (1).jpeg,960,1280,Block,202,633,367,864
WhatsApp Image 2018-10-24 at 8.33.45 PM (1).jpeg,960,1280,Block,326,736,450,1005
WhatsApp Image 2018-10-24 at 8.33.39 PM (1).jpeg,1280,960,Block,427,347,803,599
WhatsApp Image 2018-10-24 at 8.33.38 PM.jpeg,1280,960,Block,584,432,803,542
WhatsApp Image 2018-10-24 at 8.33.38 PM.jpeg,1280,960,Block,641,509,784,599
WhatsApp Image 2018-10-24 at 8.33.38 PM.jpeg,1280,960,Block,608,575,837,690
WhatsApp Image 2018-10-24 at 8.31.23 PM.jpeg,1280,960,Block,289,328,1122,937
WhatsApp Image 2018-10-24 at 8.31.25 PM.jpeg,1280,960,Block,580,437,1108,651
WhatsApp Image 2018-10-24 at 8.31.25 PM.jpeg,1280,960,Block,651,290,1051,494
WhatsApp Image 2018-10-24 at 8.31.25 PM.jpeg,1280,960,Block,556,85,975,323
WhatsApp Image 2018-10-24 at 8.34.53 PM.jpeg,1280,960,Block,456,161,851,742
WhatsApp Image 2018-10-24 at 8.34.53 PM.jpeg,1280,960,Block,808,799,974,960
WhatsApp Image 2018-10-24 at 8.34.53 PM.jpeg,1280,960,Block,970,742,1249,960
WhatsApp Image 2018-10-24 at 8.27.35 PM (1).jpeg,1280,960,Block,8,485,375,704
WhatsApp Image 2018-10-24 at 8.27.35 PM (1).jpeg,1280,960,Block,856,461,1260,723
WhatsApp Image 2018-10-24 at 8.34.57 PM.jpeg,1280,960,Block,475,332,756,590
WhatsApp Image 2018-10-24 at 8.34.57 PM.jpeg,1280,960,Block,1141,585,1280,807
WhatsApp Image 2018-10-24 at 8.31.20 PM.jpeg,1280,960,Block,232,313,441,628
WhatsApp Image 2018-10-24 at 8.31.20 PM.jpeg,1280,960,Block,560,366,889,585
WhatsApp Image 2018-10-24 at 8.31.20 PM.jpeg,1280,960,Block,1008,451,1280,739
WhatsApp Image 2018-10-24 at 8.29.45 PM (1).jpeg,1280,960,Block,1,236,265,485
WhatsApp Image 2018-10-24 at 8.29.45 PM (1).jpeg,1280,960,Block,713,237,927,347
WhatsApp Image 2018-10-24 at 8.31.27 PM (1).jpeg,1280,960,Block,489,309,1060,661
WhatsApp Image 2018-10-24 at 8.34.49 PM.jpeg,1280,960,Block,289,342,522,494
WhatsApp Image 2018-10-24 at 8.34.49 PM.jpeg,1280,960,Block,527,332,622,437
WhatsApp Image 2018-10-24 at 8.34.49 PM.jpeg,1280,960,Block,732,232,903,447
WhatsApp Image 2018-10-24 at 8.34.49 PM.jpeg,1280,960,Block,794,475,965,599
WhatsApp Image 2018-10-24 at 8.33.32 PM (1).jpeg,1280,960,Block,413,399,1051,661
WhatsApp Image 2018-10-24 at 8.33.32 PM (1).jpeg,1280,960,Block,451,218,970,451
WhatsApp Image 2018-10-24 at 8.33.32 PM (1).jpeg,1280,960,Block,413,9,913,213
WhatsApp Image 2018-10-24 at 8.34.48 PM (1).jpeg,1280,960,Block,246,675,413,837
WhatsApp Image 2018-10-24 at 8.34.48 PM (1).jpeg,1280,960,Block,365,499,627,651
WhatsApp Image 2018-10-24 at 8.34.48 PM (1).jpeg,1280,960,Block,789,356,922,470
WhatsApp Image 2018-10-24 at 8.34.48 PM (1).jpeg,1280,960,Block,884,190,1075,385
WhatsApp Image 2018-10-24 at 8.31.28 PM.jpeg,1280,960,Block,346,313,675,509
WhatsApp Image 2018-10-24 at 8.31.28 PM.jpeg,1280,960,Block,303,228,727,375
WhatsApp Image 2018-10-24 at 8.31.28 PM.jpeg,1280,960,Block,322,66,608,242
WhatsApp Image 2018-10-24 at 8.34.56 PM.jpeg,1280,960,Block,532,356,751,585
WhatsApp Image 2018-10-24 at 8.34.56 PM.jpeg,1280,960,Block,884,9,1065,166
WhatsApp Image 2018-10-24 at 8.34.56 PM.jpeg,1280,960,Block,1014,1,1194,232
WhatsApp Image 2018-10-24 at 8.34.56 PM.jpeg,1280,960,Block,1013,113,1257,370
WhatsApp Image 2018-10-24 at 8.33.33 PM (1).jpeg,1280,960,Block,427,109,756,328
WhatsApp Image 2018-10-24 at 8.33.33 PM (1).jpeg,1280,960,Block,446,280,865,442
WhatsApp Image 2018-10-24 at 8.33.33 PM (1).jpeg,1280,960,Block,460,428,770,590
WhatsApp Image 2018-10-24 at 8.33.31 PM.jpeg,1280,960,Block,456,490,1137,770
WhatsApp Image 2018-10-24 at 8.33.31 PM.jpeg,1280,960,Block,499,332,980,561
WhatsApp Image 2018-10-24 at 8.33.31 PM.jpeg,1280,960,Block,427,113,970,366
WhatsApp Image 2018-10-24 at 8.29.37 PM.jpeg,1280,960,Block,3,161,165,337
WhatsApp Image 2018-10-24 at 8.29.37 PM.jpeg,1280,960,Block,565,366,1170,875
WhatsApp Image 2018-10-24 at 8.29.37 PM.jpeg,1280,960,Block,780,156,1113,309
WhatsApp Image 2018-10-24 at 8.34.50 PM.jpeg,1280,960,Block,332,418,508,518
WhatsApp Image 2018-10-24 at 8.34.50 PM.jpeg,1280,960,Block,489,551,665,742
WhatsApp Image 2018-10-24 at 8.34.50 PM.jpeg,1280,960,Block,680,451,780,547
WhatsApp Image 2018-10-24 at 8.34.50 PM.jpeg,1280,960,Block,770,290,941,490
WhatsApp Image 2018-10-24 at 8.29.34 PM (1).jpeg,1280,960,Block,670,294,846,594
WhatsApp Image 2018-10-24 at 8.29.34 PM (1).jpeg,1280,960,Block,827,394,980,666
WhatsApp Image 2018-10-24 at 8.33.42 PM (1).jpeg,960,1280,Block,450,895,654,1050
WhatsApp Image 2018-10-24 at 8.33.42 PM (1).jpeg,960,1280,Block,354,505,550,660
WhatsApp Image 2018-10-24 at 8.33.42 PM (1).jpeg,960,1280,Block,367,205,585,381
WhatsApp Image 2018-10-24 at 8.27.32 PM.jpeg,1280,960,Block,337,380,599,713
WhatsApp Image 2018-10-24 at 8.27.32 PM (1).jpeg,1280,960,Block,1,470,251,623
WhatsApp Image 2018-10-24 at 8.27.32 PM (1).jpeg,1280,960,Block,522,456,837,604
WhatsApp Image 2018-10-24 at 8.27.32 PM (1).jpeg,1280,960,Block,937,466,1218,628
WhatsApp Image 2018-10-24 at 8.34.47 PM.jpeg,1280,960,Block,394,447,646,632
WhatsApp Image 2018-10-24 at 8.34.47 PM.jpeg,1280,960,Block,256,637,437,813
WhatsApp Image 2018-10-24 at 8.34.47 PM.jpeg,1280,960,Block,865,147,1099,394
WhatsApp Image 2018-10-24 at 8.34.47 PM.jpeg,1280,960,Block,775,323,970,461
WhatsApp Image 2018-10-24 at 8.29.47 PM.jpeg,1280,960,Block,932,290,1180,423
WhatsApp Image 2018-10-24 at 8.29.47 PM.jpeg,1280,960,Block,518,275,660,347
WhatsApp Image 2018-10-24 at 8.34.55 PM.jpeg,1280,960,Block,546,313,813,594
WhatsApp Image 2018-10-24 at 8.31.27 PM.jpeg,1280,960,Block,375,409,927,628
WhatsApp Image 2018-10-24 at 8.31.27 PM.jpeg,1280,960,Block,380,280,870,456
WhatsApp Image 2018-10-24 at 8.31.27 PM.jpeg,1280,960,Block,337,70,732,280
WhatsApp Image 2018-10-24 at 8.31.15 PM (1).jpeg,1280,960,Block,299,518,532,785
WhatsApp Image 2018-10-24 at 8.31.15 PM (1).jpeg,1280,960,Block,537,323,632,428
WhatsApp Image 2018-10-24 at 8.31.15 PM (1).jpeg,1280,960,Block,946,513,1080,694
WhatsApp Image 2018-10-24 at 8.27.31 PM.jpeg,1280,960,Block,609,663,902,853
WhatsApp Image 2018-10-24 at 8.27.31 PM.jpeg,1280,960,Block,322,613,575,770
WhatsApp Image 2018-10-24 at 8.27.31 PM.jpeg,1280,960,Block,51,604,199,704
WhatsApp Image 2018-10-24 at 8.34.56 PM (1).jpeg,1280,960,Block,399,213,865,699
WhatsApp Image 2018-10-24 at 8.27.33 PM.jpeg,1280,960,Block,560,413,737,594
WhatsApp Image 2018-10-24 at 8.27.33 PM.jpeg,1280,960,Block,460,694,651,923
WhatsApp Image 2018-10-24 at 8.27.33 PM.jpeg,1280,960,Block,722,718,980,918
WhatsApp Image 2018-10-24 at 8.29.43 PM (1).jpeg,1280,960,Block,246,351,503,513
WhatsApp Image 2018-10-24 at 8.29.43 PM (1).jpeg,1280,960,Block,499,366,794,556
WhatsApp Image 2018-10-24 at 8.29.43 PM (1).jpeg,1280,960,Block,899,370,1280,565
WhatsApp Image 2018-10-24 at 8.31.25 PM (1).jpeg,1280,960,Block,284,313,784,637
WhatsApp Image 2018-10-24 at 8.34.48 PM.jpeg,1280,960,Block,570,509,794,747
WhatsApp Image 2018-10-24 at 8.29.37 PM (1).jpeg,1280,960,Block,137,547,337,666
WhatsApp Image 2018-10-24 at 8.29.37 PM (1).jpeg,1280,960,Block,694,675,975,847
WhatsApp Image 2018-10-24 at 8.29.37 PM (1).jpeg,1280,960,Block,784,513,960,628
WhatsApp Image 2018-10-24 at 8.29.43 PM.jpeg,1280,960,Block,270,366,603,642
WhatsApp Image 2018-10-24 at 8.29.43 PM.jpeg,1280,960,Block,660,361,784,466
WhatsApp Image 2018-10-24 at 8.29.39 PM.jpeg,1280,960,Block,480,304,665,447
WhatsApp Image 2018-10-24 at 8.29.39 PM.jpeg,1280,960,Block,684,337,918,499
WhatsApp Image 2018-10-24 at 8.29.39 PM.jpeg,1280,960,Block,918,228,1099,423
WhatsApp Image 2018-10-24 at 8.31.19 PM.jpeg,1280,960,Block,3,409,213,675
WhatsApp Image 2018-10-24 at 8.31.19 PM.jpeg,1280,960,Block,241,432,675,651
WhatsApp Image 2018-10-24 at 8.31.19 PM.jpeg,1280,960,Block,1018,456,1280,748
WhatsApp Image 2018-10-24 at 8.27.27 PM (1).jpeg,1280,960,Block,537,546,1028,856
WhatsApp Image 2018-10-24 at 8.27.27 PM (1).jpeg,1280,960,Block,656,447,918,618
WhatsApp Image 2018-10-24 at 8.34.54 PM (1).jpeg,1280,960,Block,418,175,837,742
WhatsApp Image 2018-10-24 at 8.34.54 PM (1).jpeg,1280,960,Block,803,790,971,960
WhatsApp Image 2018-10-24 at 8.34.54 PM (1).jpeg,1280,960,Block,975,742,1280,960
WhatsApp Image 2018-10-24 at 8.33.37 PM.jpeg,1280,960,Block,413,432,518,580
WhatsApp Image 2018-10-24 at 8.33.37 PM.jpeg,1280,960,Block,660,390,756,518
WhatsApp Image 2018-10-24 at 8.33.37 PM.jpeg,1280,960,Block,832,304,918,413
WhatsApp Image 2018-10-24 at 8.29.45 PM.jpeg,1280,960,Block,189,461,322,566
WhatsApp Image 2018-10-24 at 8.29.45 PM.jpeg,1280,960,Block,570,366,722,480
WhatsApp Image 2018-10-24 at 8.29.45 PM.jpeg,1280,960,Block,1041,428,1203,537
WhatsApp Image 2018-10-24 at 8.33.35 PM (1).jpeg,1280,960,Block,251,642,380,818
WhatsApp Image 2018-10-24 at 8.33.35 PM (1).jpeg,1280,960,Block,694,475,780,580
WhatsApp Image 2018-10-24 at 8.33.35 PM (1).jpeg,1280,960,Block,1008,470,1099,542
WhatsApp Image 2018-10-24 at 8.31.20 PM (1).jpeg,1280,960,Block,213,299,494,628
WhatsApp Image 2018-10-24 at 8.31.20 PM (1).jpeg,1280,960,Block,584,404,889,609
WhatsApp Image 2018-10-24 at 8.31.20 PM (1).jpeg,1280,960,Block,994,451,1280,748
WhatsApp Image 2018-10-24 at 8.31.18 PM (1).jpeg,1280,960,Block,827,418,1146,728
WhatsApp Image 2018-10-24 at 8.31.18 PM (1).jpeg,1280,960,Block,660,361,965,547
WhatsApp Image 2018-10-24 at 8.33.45 PM.jpeg,1280,960,Block,799,323,1008,542
WhatsApp Image 2018-10-24 at 8.33.45 PM.jpeg,1280,960,Block,365,304,513,447
WhatsApp Image 2018-10-24 at 8.33.45 PM.jpeg,1280,960,Block,484,266,732,504
WhatsApp Image 2018-10-24 at 8.33.45 PM.jpeg,1280,960,Block,684,228,889,385
WhatsApp Image 2018-10-24 at 8.33.40 PM (1).jpeg,960,1280,Block,429,902,671,1033
WhatsApp Image 2018-10-24 at 8.33.40 PM (1).jpeg,960,1280,Block,336,519,550,653
WhatsApp Image 2018-10-24 at 8.33.40 PM (1).jpeg,960,1280,Block,367,202,578,343
WhatsApp Image 2018-10-24 at 8.31.13 PM.jpeg,1280,960,Block,632,342,808,580
WhatsApp Image 2018-10-24 at 8.31.13 PM.jpeg,1280,960,Block,84,475,370,599
WhatsApp Image 2018-10-24 at 8.31.13 PM.jpeg,1280,960,Block,908,537,1070,723
WhatsApp Image 2018-10-24 at 8.27.30 PM (1).jpeg,1280,960,Block,600,431,681,484
WhatsApp Image 2018-10-24 at 8.27.30 PM (1).jpeg,1280,960,Block,675,454,895,554
WhatsApp Image 2018-10-24 at 8.27.30 PM (1).jpeg,1280,960,Block,675,426,774,466
WhatsApp Image 2018-10-24 at 8.31.24 PM.jpeg,1280,960,Block,332,337,656,661
WhatsApp Image 2018-10-24 at 8.31.19 PM (1).jpeg,1280,960,Block,432,190,727,518
WhatsApp Image 2018-10-24 at 8.31.19 PM (1).jpeg,1280,960,Block,684,290,1089,656
WhatsApp Image 2018-10-24 at 8.33.37 PM (1).jpeg,1280,960,Block,627,285,789,404
WhatsApp Image 2018-10-24 at 8.33.37 PM (1).jpeg,1280,960,Block,660,423,765,523
WhatsApp Image 2018-10-24 at 8.33.37 PM (1).jpeg,1280,960,Block,646,537,746,642
WhatsApp Image 2018-10-24 at 8.33.44 PM.jpeg,1280,960,Block,370,318,565,642
WhatsApp Image 2018-10-24 at 8.33.44 PM.jpeg,1280,960,Block,580,390,746,642
WhatsApp Image 2018-10-24 at 8.33.44 PM.jpeg,1280,960,Block,789,313,965,680
WhatsApp Image 2018-10-24 at 8.29.32 PM.jpeg,1280,960,Block,327,370,494,504
WhatsApp Image 2018-10-24 at 8.29.32 PM.jpeg,1280,960,Block,613,385,875,542
WhatsApp Image 2018-10-24 at 8.29.32 PM.jpeg,1280,960,Block,941,461,1203,804
WhatsApp Image 2018-10-24 at 8.33.43 PM (1).jpeg,1280,960,Block,418,313,599,599
WhatsApp Image 2018-10-24 at 8.33.43 PM (1).jpeg,1280,960,Block,594,370,756,613
WhatsApp Image 2018-10-24 at 8.33.43 PM (1).jpeg,1280,960,Block,751,313,965,661
WhatsApp Image 2018-10-24 at 8.29.33 PM.jpeg,1280,960,Block,680,428,960,599
WhatsApp Image 2018-10-24 at 8.29.33 PM.jpeg,1280,960,Block,1032,475,1280,752
WhatsApp Image 2018-10-24 at 8.29.40 PM.jpeg,1280,960,Block,551,313,699,404
WhatsApp Image 2018-10-24 at 8.29.40 PM.jpeg,1280,960,Block,670,337,784,442
WhatsApp Image 2018-10-24 at 8.31.12 PM.jpeg,1280,960,Block,403,542,603,813
WhatsApp Image 2018-10-24 at 8.31.12 PM.jpeg,1280,960,Block,584,356,741,456
WhatsApp Image 2018-10-24 at 8.31.12 PM.jpeg,1280,960,Block,1041,551,1213,751
WhatsApp Image 2018-10-24 at 8.29.40 PM (1).jpeg,1280,960,Block,8,566,232,737
WhatsApp Image 2018-10-24 at 8.29.40 PM (1).jpeg,1280,960,Block,632,466,813,570
WhatsApp Image 2018-10-24 at 8.29.40 PM (1).jpeg,1280,960,Block,1003,613,1251,804
WhatsApp Image 2018-10-24 at 8.33.34 PM (1).jpeg,1280,960,Block,518,342,846,504
WhatsApp Image 2018-10-24 at 8.33.34 PM (1).jpeg,1280,960,Block,599,499,803,599
WhatsApp Image 2018-10-24 at 8.33.34 PM (1).jpeg,1280,960,Block,589,566,913,680
WhatsApp Image 2018-10-24 at 8.34.52 PM (1).jpeg,1280,960,Block,313,213,480,470
WhatsApp Image 2018-10-24 at 8.34.52 PM (1).jpeg,1280,960,Block,432,337,570,532
WhatsApp Image 2018-10-24 at 8.34.52 PM (1).jpeg,1280,960,Block,475,285,770,794
WhatsApp Image 2018-10-24 at 8.34.55 PM (1).jpeg,1280,960,Block,418,237,789,594
WhatsApp Image 2018-10-24 at 8.29.33 PM (1).jpeg,1280,960,Block,94,232,389,475
WhatsApp Image 2018-10-24 at 8.29.33 PM (1).jpeg,1280,960,Block,480,351,713,499
WhatsApp Image 2018-10-24 at 8.29.33 PM (1).jpeg,1280,960,Block,803,556,994,790
WhatsApp Image 2018-10-24 at 8.31.15 PM.jpeg,1280,960,Block,160,490,570,675
WhatsApp Image 2018-10-24 at 8.31.15 PM.jpeg,1280,960,Block,522,456,803,632
WhatsApp Image 2018-10-24 at 8.31.15 PM.jpeg,1280,960,Block,818,432,1022,570
WhatsApp Image 2018-10-24 at 8.27.31 PM (1).jpeg,1280,960,Block,337,285,498,403
WhatsApp Image 2018-10-24 at 8.27.31 PM (1).jpeg,1280,960,Block,492,444,589,516
WhatsApp Image 2018-10-24 at 8.27.31 PM (1).jpeg,1280,960,Block,883,514,984,673
WhatsApp Image 2018-10-24 at 8.29.44 PM (1).jpeg,1280,960,Block,118,332,451,556
WhatsApp Image 2018-10-24 at 8.29.44 PM (1).jpeg,1280,960,Block,865,337,1041,451
